{"filter":false,"title":"networkparams.json","tooltip":"/networkparams.json","undoManager":{"mark":2,"position":2,"stack":[[{"start":{"row":0,"column":0},"end":{"row":30,"column":0},"action":"insert","lines":["[","    ","    {","        \"ParameterKey\": \"EnvironmentName\",","\t\t\"ParameterValue\": \"UdacityProject\"","","    },","\t\t","\t{","\t\t\"ParameterKey\": \"VpcCIDR\",","\t\t\"ParameterValue\": \"10.0.0.0/16\"","\t},","    {","\t\t\"ParameterKey\": \"PublicSubnet1CIDR\",","\t\t\"ParameterValue\": \"10.0.0.0/24\"","\t},","\t{","\t\t\"ParameterKey\": \"PublicSubnet2CIDR\",","\t\t\"ParameterValue\": \"10.0.1.0/24\"","\t},","\t{","\t\t\"ParameterKey\": \"PrivateSubnet1CIDR\",","\t\t\"ParameterValue\": \"10.0.2.0/24\"","\t},","\t{","\t\t\"ParameterKey\": \"PrivateSubnet2CIDR\",","\t\t\"ParameterValue\": \"10.0.3.0/24\"","\t}","","]",""],"id":9}],[{"start":{"row":4,"column":27},"end":{"row":4,"column":28},"action":"remove","lines":["y"],"id":10},{"start":{"row":4,"column":26},"end":{"row":4,"column":27},"action":"remove","lines":["t"]},{"start":{"row":4,"column":25},"end":{"row":4,"column":26},"action":"remove","lines":["i"]},{"start":{"row":4,"column":24},"end":{"row":4,"column":25},"action":"remove","lines":["c"]},{"start":{"row":4,"column":23},"end":{"row":4,"column":24},"action":"remove","lines":["a"]},{"start":{"row":4,"column":22},"end":{"row":4,"column":23},"action":"remove","lines":["d"]},{"start":{"row":4,"column":21},"end":{"row":4,"column":22},"action":"remove","lines":["U"]}],[{"start":{"row":4,"column":28},"end":{"row":4,"column":29},"action":"insert","lines":["2"],"id":11}]]},"ace":{"folds":[],"scrolltop":0,"scrollleft":0,"selection":{"start":{"row":6,"column":6},"end":{"row":6,"column":6},"isBackwards":false},"options":{"guessTabSize":true,"useWrapMode":false,"wrapToView":true},"firstLineState":0},"timestamp":1676517493090,"hash":"2340b52389a51e0cb3bb9dcafbb1961ba0c98803"}