{"filter":false,"title":"server2params.json","tooltip":"/server2params.json","undoManager":{"mark":0,"position":0,"stack":[[{"start":{"row":0,"column":0},"end":{"row":7,"column":1},"action":"insert","lines":["[","    ","    {","        \"ParameterKey\": \"EnvironmentName\",","\t\t\"ParameterValue\": \"Project2\"","","    }","]"],"id":1}]]},"ace":{"folds":[],"scrolltop":0,"scrollleft":0,"selection":{"start":{"row":7,"column":1},"end":{"row":7,"column":1},"isBackwards":false},"options":{"guessTabSize":true,"useWrapMode":false,"wrapToView":true},"firstLineState":{"row":41,"mode":"ace/mode/json"}},"timestamp":1676518015032,"hash":"ecd945417205f7fb418a6221a27af1bcee2675ab"}